254593659,307890993,ravsm,bihyn,QB,921,769682,354615
295837521,306111441,ilcdq,jbypb,RB,721,363776,679177
229031078,874400339,ntjma,cqfrw,QB,50,843707,276969
726413201,984651624,stvmt,udwgn,RB,212,844407,352952
677483689,889150053,vntth,oqynv,WR,756,291473,171350
704395733,578882685,ycmll,aluwc,QB,111,731201,76320
887685824,10856139,eltps,jgtge,QB,558,288542,561639
534392581,535324940,hiknf,ldfpv,WR,451,890878,948438
583675110,568292440,roxsr,ebsvd,QB,365,280725,152983
984855937,984651624,vgtda,wurtc,QB,341,406326,565895
893821029,264715103,sxrke,anbek,QB,642,268847,352668
119094960,151883241,zgvsj,wszig,RB,756,122473,911696
923469354,443187284,nllrx,htabz,QB,324,353811,390347
179708095,258624039,eysvp,theuh,RB,119,690355,622231
593772490,288876765,pnods,qelrg,WR,787,277799,194138
209867389,561214754,ivbbt,yqeww,RB,756,416036,681376
718687199,328734338,zyeht,szevw,QB,944,810762,277122
47780760,435006545,effgx,kprly,QB,428,968604,667055
45627411,203852446,eomlo,mezgs,RB,673,933912,973650
865011922,121303499,glcbl,dkqgh,QB,884,906604,812943
880957687,645895107,jafsr,orgne,WR,195,500803,854231
503927012,484642978,rwtdc,mrjhy,QB,710,34765,423402
313354969,65043858,zgure,jafoc,QB,669,371573,808792
415641453,984651624,lfjhz,dcalc,RB,396,176952,598118
434044305,309800120,huhzq,exusx,QB,848,270501,239485
29939396,528309673,bykcl,tlzlt,WR,186,877130,554132
666108565,242074445,pkspn,excve,QB,911,189604,740515
678919557,971635452,auuck,qjxld,RB,337,6034,287579
996427307,572939200,tqlgu,bmsdw,QB,577,734143,13543
228064594,518433392,evjrm,decuo,RB,373,691875,639114
115100696,168570061,enejm,splth,QB,617,28299,114186
682625672,979529432,hipex,dzcio,RB,714,637792,132463
390479243,353169314,mxydk,aorzp,QB,967,924837,8880
657555107,619576556,zgiuy,pvraj,RB,430,327655,404225
818380806,372305221,lqkoz,ydapr,WR,945,3951,274401
744838354,62891776,gbwpz,rtgzy,QB,137,992600,868755
364416486,743895424,ccxla,wjvxj,RB,293,348902,619024
821728589,377245282,erinj,yiehy,RB,817,268949,15050
451842266,12362120,mwana,ovhuv,QB,280,503222,723461
307664992,297149707,onggy,umwlc,QB,830,427723,588429
714936248,509391536,gmcmh,rujvo,WR,115,665464,601903
851605650,193345501,tdqpg,xxgnw,QB,194,580676,494282
954985180,765303111,vrpym,gwyxj,RB,800,926207,853919
705246640,639720650,frykc,ugjqn,WR,520,631647,232567
423433687,117294238,leowu,fcytd,WR,975,264488,895097
166960222,679717082,djtib,roxjx,RB,136,986401,868588
140220309,537273123,bcmtr,sdlup,RB,755,926173,847703
973862186,116946829,qjvlo,gvacu,QB,427,397419,190692
169053660,950387707,tjaew,jjhqu,QB,440,179770,287686
9528511,905007678,hehxr,ektmw,RB,700,779394,642912
658007650,339404237,gsgby,vhfru,RB,326,100688,339661
221592334,799490013,pvbum,tpyxe,QB,180,156881,501758
59437131,893490375,oksih,lwqyc,QB,513,120343,782327
819802177,92546916,iwfmb,pennb,RB,917,245580,131271
815807732,218593117,avdpe,inzyz,RB,414,28179,593570
546113362,354766629,dbbbg,wvprf,QB,742,506407,134278
733008503,15464875,wtmem,fizhl,QB,207,250442,441932
470936516,161001376,ezlqu,kbqqm,WR,726,46033,139051
224256895,814853213,mcjhe,rrfat,RB,373,451992,631594
899984004,13659062,pdnpu,ulwhc,RB,854,142110,81166
678401689,21227706,dstvu,edbbt,QB,552,507023,192029
580497783,516223601,imbcw,chenp,QB,286,647174,700038
810802362,968023075,dfrne,gzvzz,RB,520,185948,91578
361135455,405591608,libuc,pxmiq,RB,624,837052,741831
261653431,6755011,ezflm,xuflh,QB,860,672338,522623
486196357,934540519,hnipb,ldvbp,QB,784,741932,454967
453913736,462008687,wvpir,yvafo,QB,492,612545,855086
822604704,239312863,qbeaf,kjglh,QB,641,135780,205300
666100105,362926290,lhymj,dqhsn,RB,726,273273,724448
190578874,72181622,tazoj,xreth,QB,511,722346,418156
544303995,483801306,gnvtn,tcowr,WR,477,649588,563856
32321664,435006545,qfjvw,enklw,RB,941,186865,713767
140271877,947597754,eisxj,rnxrt,QB,76,278736,472046
874109810,709273035,eehyp,xyrjy,WR,464,289679,620380
634197410,492866680,aosnw,lipdp,QB,604,571894,872858
165755411,555784888,havrm,gmidl,QB,659,715141,37676
61388119,19706127,eiqdy,csxpm,QB,379,505598,229710
567302657,922053067,vwfuv,ztcqp,RB,18,686872,316925
346615204,895146382,rdvrc,sjvup,QB,172,820406,634373
962966132,991986965,xawzu,ehdki,WR,167,344912,435142
854495040,926505282,getrz,owfxd,WR,38,63983,686392
327821634,505554655,drqbg,qvmkd,QB,60,251646,764774
45491232,969730335,xmglm,tseem,QB,618,722103,641502
425732775,62891776,qnoaq,reokn,QB,935,74231,614110
621862930,755857425,oskzd,clscp,QB,481,109920,501540
677088967,244202700,irzpa,lfqex,QB,427,301560,94848
626202173,539540178,veset,kfpxy,WR,912,209192,884963
889260382,905695178,wqzws,geuwd,WR,73,366122,376424
165205233,507489574,pwpzl,iebvi,WR,800,21379,129701
163683184,45145085,nwpzv,ovnxk,RB,95,604373,256983
372275751,181596847,ezzai,tmoph,RB,473,695483,580846
113072379,244202700,tmpqw,mpiui,QB,964,321905,82433
285093298,799490013,jifgz,pyxar,RB,272,824925,198919
410888506,893956302,eittv,cjtdb,WR,465,594890,91233
195473210,139846887,trmis,iezdf,WR,6,760031,266343
830508271,16264706,epgwf,dksch,QB,737,693537,50369
216298081,754400292,ysoax,ikxhv,RB,81,152670,741663
778134180,740608909,qmcyw,ucytg,WR,440,507826,89697
898597322,825452405,cqwzq,qevwr,RB,853,630274,329639
506717948,834020999,qcsdb,eveuf,RB,79,811255,417252
427937988,639720650,yefzt,shsjy,RB,437,41176,250290
678437753,436898031,skaol,njkdt,RB,15,785749,237370
998919685,368027701,fqrig,mxcdc,WR,70,56150,639186
609196502,570546465,kikzv,ezxgg,WR,446,703952,702589
744376650,987472495,dlpgx,ndgsh,WR,377,883691,951315
512693677,452168802,xglkp,dvyee,WR,768,894287,987469
783748427,683943730,pwjns,xeptf,WR,318,360581,262120
210832336,36995760,hiqbs,pykdz,RB,285,906937,10681
730139836,983525316,suvwp,itjlp,QB,635,300213,714056
876341658,926505282,oxipw,xzipc,RB,38,195486,964179
915255667,329201098,hesqc,gnmjh,QB,258,184828,284907
415636635,193345501,mvuwc,tnvir,QB,470,198069,432150
663409643,922322469,qfwbe,isuvu,QB,957,79596,890847
161135610,193390231,rcagm,dtpma,QB,604,674483,880740
337852622,289880250,wvjrc,oqvyw,WR,926,509198,853267
978145724,921531676,xuzed,ovgyj,WR,887,122825,491360
403140449,955921438,kkytx,povbx,RB,21,371787,273385
506854030,835145626,pofkw,cxgnd,WR,474,220624,552849
113709785,872435238,ejewv,ztlnl,RB,302,476833,101577
672728928,824723336,uawhs,evaeq,QB,118,45063,978814
122356870,535341443,eupsf,edjhg,QB,710,633932,136079
819083099,227480529,iyfxr,rqbjk,QB,714,147016,546144
404231638,185340939,tgrsm,flpth,QB,713,956718,411838
595363693,252895769,mdjmv,ohfzt,QB,709,979679,513333
182595948,9220143,kyiib,yfcqg,WR,449,554129,873988
339124519,646699834,fbapg,zbdrg,RB,230,337918,814576
408202121,23351620,eptit,arctt,WR,195,380843,683493
426170532,661688279,zvcjf,abtdi,WR,162,279546,128813
485435183,606470061,ysxzy,vhplu,RB,540,609542,643692
321674429,785390511,sajaf,brsgf,WR,290,413879,724669
994731293,13044455,vcald,iwqye,WR,161,315818,240290
309970919,870228521,kwrlp,hpacc,QB,227,936172,855846
89654643,182473867,cmblt,yoaju,WR,546,462219,532683
144075622,947065980,hxybg,zkvym,WR,594,567813,93007
716903471,376251545,xjrji,pgxok,RB,709,118077,338650
54544997,139846887,vmjpl,cdmhp,WR,79,834148,78683
514142828,626053964,jdqxs,uwtyb,WR,894,894852,221078
913390289,118250885,snlvr,basaq,RB,516,781077,965375
439112859,165633889,hwbik,flizl,QB,896,986480,636830
760158414,220678843,wfokq,urpgh,QB,69,262273,619317
872827019,765581031,qkltm,jirsm,RB,281,619411,3791
916039132,284525323,smioe,tgvtt,RB,19,241155,292126
25568400,757496867,rqcmy,edkjd,QB,883,413289,920105
200537048,193173692,pghwr,ceyng,WR,789,455100,641081
457962560,335478674,rpaqp,ehtrf,RB,156,866670,155571
925078630,634208855,baggy,xrtth,WR,409,931087,931956
518039834,51596799,gvrfo,kpkhf,WR,196,153322,941015
397651407,922322469,wcvnw,xcihd,RB,370,811342,692388
28275413,197335767,dreut,kyeke,RB,370,218660,234339
404096306,988030890,zdjmx,royko,QB,337,490047,594264
386216908,215871428,brtqi,evsqe,WR,980,480590,647308
146427570,975312500,pwipa,blffs,WR,234,786920,759192
892621646,664363255,fwwyc,tbocu,QB,731,484594,102401
834246393,304617902,ilhdy,mhwco,QB,92,77127,579953
105565959,422957714,wtcml,ndplo,WR,403,895844,592634
588644786,176755425,mlwku,teyym,QB,561,1669,754742
353065662,400816911,gcvsm,sjtbh,WR,161,732407,428056
491575357,646250036,tmixx,ezuhu,QB,891,219839,61613
965810030,173628801,uqopc,yccte,QB,828,483651,159098
412225189,347240499,zwcgb,rkkya,QB,891,11535,290874
832417540,87881812,shmkn,pwzdc,RB,348,545172,15725
937523358,59758492,ekqfy,vnytv,WR,465,899803,308736
834771088,404907863,shcwm,nttuw,WR,482,92196,574345
687937957,10189517,fwqoo,ocons,RB,78,111604,844274
377330953,154155569,fxkxl,hjwfo,RB,5,496925,918566
968007399,568292440,nnobq,wlcxz,QB,170,307751,899095
114059489,776732404,zwfri,vlisw,RB,569,148823,967124
345345417,996037433,qhsdl,gwgew,QB,679,351266,290360
623732405,83741347,uadhw,poifj,QB,301,129804,853360
512962391,168347867,jsocg,xyegz,QB,166,399801,918404
840533161,52951384,exndg,wjggf,RB,951,583966,151662
14341608,988769424,jfnvj,hahat,WR,610,70979,785647
673339756,197892237,dxrbc,zuhrt,WR,687,504865,187371
175484169,659584140,ulevt,fxvnb,WR,87,670048,841181
398443720,477293848,eedpx,eatkh,WR,748,39831,466402
325278337,434339195,uvpve,kwlmn,WR,717,265475,147187
668956012,536326817,apppr,fjlkn,WR,737,980915,730242
617651046,128658689,dzqvt,odtgz,WR,586,282940,917864
673662246,559395368,lwsqj,giyue,QB,316,897796,445333
102010803,182473867,cypxd,qhvqc,RB,59,646924,280891
846306265,911501254,zwycs,zjlin,WR,858,736618,242513
114042042,827075323,mhjor,dwkow,QB,624,90737,539256
249638026,72420912,foirw,sqvfp,WR,844,936983,501325
642936329,216547970,nrsnq,guonc,RB,841,707516,417298
129035873,469968920,vgwtl,mylrs,QB,386,348644,661630
622852299,942267759,ryitn,utxez,WR,60,591760,478228
368216366,171305270,roevp,jjkwv,QB,70,793771,290104
526190993,449738445,elqly,ihhvk,WR,334,996441,800582
449931377,109637761,bfplq,ulfzl,QB,520,232018,668917
230188429,264715103,hkrpa,xedmm,RB,188,787778,679956
502346308,742376790,copxg,fclul,WR,149,775400,540625
86167623,919149717,cqpgd,axgej,RB,954,584374,610988
260949142,786554589,rtnpr,uregz,QB,127,966174,849636
489463057,362926290,kwvvp,yibaz,WR,611,421758,480358
293208244,56213325,bpqvx,jopgk,WR,806,646325,817746
536503553,197335767,ehtkm,annfl,QB,451,533184,759201
62144949,47595268,wafiv,rsnnb,WR,462,997763,201012
259975874,827075323,makvt,bwudi,WR,470,859651,618778
794031961,696792540,vuhfc,buada,RB,721,554169,914607
793310119,288462842,lhqqk,lepns,QB,481,826409,959915
303359536,506900043,jyyub,gnpxh,QB,597,572767,994565
749657727,691167942,fhxag,ychmt,WR,575,947410,990707
400497306,984651624,zhirg,kfczm,RB,832,493338,982186
170709164,118779968,sytzi,rmvpd,RB,976,484649,322336
467870992,25472632,oaiqy,yyxyr,RB,602,389856,441313
814187389,333542862,lrzeg,yhnyn,RB,424,103330,116310
276344073,533158599,hiueq,htnhm,QB,833,329548,493097
76297115,454794900,csime,sltew,WR,132,352253,202621
36866179,979788500,yuwny,egdtd,QB,200,848255,961081
818150782,425035922,ikseo,gdflr,RB,375,243688,598641
458148375,322025677,xzzoo,zpdoj,RB,934,99795,338003
582297460,218593117,szdpf,vrhaa,WR,803,626921,777691
978775163,200594952,apbmb,vxmoq,QB,756,899849,42152
144007891,791059348,ihftk,eivjd,QB,317,724727,239143
805577153,250870805,tjcle,xnitx,RB,77,847903,382429
403154631,328008923,yxgdu,fvltk,WR,129,323580,582850
805666819,314007,bnmvc,euhyt,RB,184,747691,321895
364364286,354766629,ayjhf,jsapv,RB,264,280236,420921
386996536,306111441,zqfye,bmwmw,RB,124,782556,973743
328083568,487459830,rpfho,lavzn,QB,867,39156,124861
637411490,794212790,azcue,fgpqz,RB,978,507424,120859
108185110,645404308,glzuh,jctxp,RB,927,148564,980533
412997273,335478674,mfkbl,relhv,QB,196,786522,175215
48044571,552521344,bhkic,lljgi,WR,915,262108,187191
130363994,34933797,dxbce,gyshu,QB,163,741885,336395
723182179,867044899,mshos,pnklo,QB,270,176959,679638
992142793,979170573,ttnzq,hnwrn,QB,347,137321,689108
79325241,722695198,xhnfp,xclie,QB,332,238254,974182
949624302,310409107,qywhc,dzcrf,QB,777,145357,621056
540598812,443243739,whnei,bzydb,RB,685,371683,287607
592934900,964292751,egtbw,tifiu,QB,670,852510,439496
514542080,181321303,xxfnb,csyvu,RB,440,778657,172264
570954219,741840416,unraj,xbmky,RB,335,369102,984906
539126424,288462842,bjibd,vmlvy,QB,727,276678,370549
573241452,595049034,zignx,lnzqx,QB,708,881385,379516
830093870,996122799,kmxmx,npcjw,QB,504,592683,603601
869173211,757113265,pgtcs,gzsgg,WR,166,851101,809213
64770777,182106707,yjnoq,nykws,RB,943,378652,467444
791399525,765303111,zpezs,athes,WR,805,285959,499382
725511252,614769193,gxool,amzbs,WR,529,70701,187063
80073512,909770069,syqog,hrrrb,WR,210,669715,999910
323478438,843531901,srdaw,lbiky,RB,433,98853,397924
913588977,691167942,kpxnd,pdjjg,WR,277,620880,700934
547505913,731109275,knopo,bokhf,RB,606,536143,945768
599343268,572890322,pjrra,uwfhp,QB,434,536573,477358
966820625,313429638,ugxwm,pbdsg,QB,810,821686,55814
123700744,635647224,juvhf,zgmta,WR,218,259119,318356
122928526,676309780,cadip,pyzoi,RB,162,801924,902129
779183468,135097057,snlhq,lkxau,WR,736,637311,821846
872960296,867488630,whnkb,utdhf,RB,223,152024,846094
656943800,618826772,cozew,tqpnh,RB,520,293187,639786
157584719,547898785,mavls,cprhf,WR,985,218239,334453
795567696,341426990,qcawk,zlygf,WR,410,620232,137627
160952754,200594952,yvyii,idqjh,QB,616,941585,558932
303360195,217172138,fuhtr,dxfgl,QB,541,304297,607180
334459641,244202700,tbvrp,idmfi,RB,31,509428,442980
86195566,871839291,ooczn,wgtnp,QB,741,871052,507871
340655441,926505282,zmapk,epkaw,RB,934,738272,417816
810934290,395858552,fmneh,qgqjk,RB,942,961198,293221
361236181,806616850,sisgy,nmfgh,RB,965,267467,201667
349663839,13104721,aaadn,yfsyz,WR,828,838871,669923
366748735,934157070,qdads,zhyue,QB,521,237412,576156
539082264,952935824,mfnmv,zreyv,RB,856,899564,825600
875981144,919030445,inetl,loabp,WR,133,100852,203717
20483755,935571022,yxjio,liqib,QB,497,297496,549778
528331141,335478674,cxsip,duvgy,QB,563,579037,210560
969936607,709105805,bswfr,hyhel,QB,324,537617,206292
647359913,874565388,vizxq,wlscz,RB,971,634309,829744
798232559,887834436,rwisn,fphby,WR,507,758933,79376
145644161,742376790,niuzm,alyfp,QB,43,176607,227200
702767818,199395166,trnrt,ysgua,RB,131,247166,771640
862499730,278015597,qhugj,qaoaz,RB,761,776852,579474
412593233,918843879,jfgym,jamth,QB,289,167088,990879
532226934,228540657,yzsxb,ttghw,WR,218,976878,155377
482663903,136950584,ocjtf,dmhcd,WR,99,436873,931858
288860596,729104789,hykyf,mmrwi,QB,595,747998,996342
696527512,725821719,tugyx,lvood,WR,755,506423,287699
502918436,906343608,guchw,ywaip,QB,477,570207,453979
176269345,921933555,bbsxb,upagy,QB,122,308439,47139
324878564,512657959,ivlbh,cakmo,RB,146,847912,848845
54064902,182473867,cjefi,rhykd,QB,189,16042,417486
560980033,287211609,pdbgo,ypucq,QB,294,992321,83453
606567450,769447835,lcebi,rwfje,QB,446,248730,849876
568523915,821674779,tvcnx,npncq,QB,927,624279,295290
250500839,708006015,eehbh,xlmia,RB,520,971580,358577
189822500,244190533,xjzvi,ianng,RB,580,287796,881623
868337462,300637910,gutah,pjvxq,WR,573,337354,810722
737567068,514410407,fhlex,ajalt,RB,466,407166,57929
951217618,701306962,yrdij,rwwsx,QB,458,439313,153251
390900597,161114640,mjkov,cwixo,QB,688,630204,245657
492951905,535341443,fiwfq,ufqad,WR,376,915581,214148
223804479,648925464,dmbtt,ngiae,WR,650,822022,224671
175112399,721595415,oladf,gcyxc,QB,995,412965,561835
236155128,429198461,gdksj,rpgba,WR,917,631590,402001
478549981,10856139,rflmp,opmmy,QB,878,971231,27835
467498802,966448586,nbfcn,zrmqf,QB,703,331801,608529
246676841,835145626,hlgzz,uqpyr,WR,730,207952,969310
572138294,87276237,uzmli,fsnuh,QB,797,947245,333096
993817265,423999352,equmb,xosyh,WR,273,229368,736932
615031656,350310895,swpsw,wgrwp,QB,928,751443,231654
134885618,701534057,vzvhw,fvguo,WR,92,150791,697952
274133367,787439303,udqol,iqkoh,WR,891,202920,606442
52316960,939774772,vsyrd,omtus,WR,781,273272,72407
527879306,217172138,fsktv,nvleq,WR,260,98830,48579
955201059,20802137,cbzti,gvfwj,WR,935,225641,99441
255908614,414765053,bdyts,herte,WR,426,65723,861574
87168267,858192583,zriaz,uhxsj,RB,507,7576,386346
908587664,675045367,mccfr,wxdmc,QB,198,560750,32268
40305668,960871099,cptaa,rvcfv,QB,266,747869,36193
97684010,703963990,mnrac,acyri,RB,472,85716,369481
938381073,874565388,kxtla,hpwpg,WR,91,717555,163347
694983532,379693704,pbskm,khyvj,WR,452,875309,321400
745497378,812359565,zrhhb,jjqrv,WR,711,402413,278102
298155975,840913929,ssjtp,ztffw,QB,679,892060,982312
719522229,719209571,gklrb,pjqzb,QB,182,168165,160749
858063948,404258938,bprca,jfkvr,WR,151,975906,338045
966571818,761304546,kuyfw,kcvst,QB,284,571800,879720
577539847,1274441,nmpkj,jrsdp,WR,725,162197,518003
227128377,63280341,nyovv,gpyzi,RB,615,79615,78941
89441895,926505282,npitp,zyrvq,RB,191,432099,126707
394783941,597625558,bpipi,zrptb,QB,19,322420,946381
408401295,270092109,nufyz,wxibx,WR,440,731719,656836
926356176,662992313,dralj,ahahx,WR,48,399470,243433
972017770,449738445,adktx,keqqt,WR,816,176654,846806
352957309,372240888,hgfrf,qyyld,QB,47,697356,773907
679698120,368629996,tfvqm,pqwfp,WR,756,864804,435364
472487473,51596799,sfsev,oycho,WR,468,428437,96385
56080817,897584665,bwshw,qmehh,QB,500,899361,359941
795107667,13104721,noouy,zfgyv,QB,214,433104,952192
169514084,787439303,lyxfe,fnnxb,QB,144,75760,301571
98517348,274080839,ztrxp,fypei,QB,187,128691,813894
258114337,719209571,ekggx,nejjt,QB,443,221,477818
391497208,385814640,kjpcl,zqsjh,QB,482,900203,790525
958159743,555928316,sfaok,aaqlt,WR,57,985230,317098
183464889,189347306,bhfus,hpntj,WR,629,549263,114851
290053458,525169271,isqvt,jlugm,RB,430,953431,32522
784804833,193716960,zaxdm,hvoig,QB,32,772009,58179
255031270,645838494,irzxz,nxirk,RB,360,44186,270333
744356085,322025677,ipdyl,bfsxm,RB,333,771929,288520
401917428,541526519,nirps,gmeoe,QB,229,574687,104381
808748609,673277322,qlktn,ivnym,WR,440,673077,559105
468199286,506900043,afwzm,yxren,WR,279,275125,507223
672013572,306516186,ucvfw,xlxts,WR,796,302733,971896
660240574,230827598,fbgis,ewbla,WR,461,564767,600405
605340230,664363255,bvsca,poeuq,QB,148,12004,561285
761841855,567713415,dgxwr,xnkhe,WR,58,829480,450755
786200276,815104741,yrpwp,lesha,WR,463,443677,312143
845802604,817591081,moqcg,pbtsj,WR,952,745873,979437
944881738,755901122,rfclp,ylvuz,WR,143,587806,688118
121748805,399885152,umqal,jbmbx,WR,582,791955,343770
143689754,76317853,jjzsc,yazhf,QB,192,907590,255174
555061415,177297002,fswbd,cyxqz,WR,8,620152,495313
689511207,336430833,njkkl,bdkjx,QB,961,97617,643583
977796593,160968202,maguj,xfifv,RB,729,875087,740025
318824989,413535004,yopuf,rovvf,QB,40,515237,841866
77241045,546669578,pdrmx,epcxe,RB,963,16686,37448
445814043,887079770,jyohb,glcrn,RB,712,224895,251883
717812756,649282488,ftnqh,kbmfw,WR,774,418567,511007
206120335,31220779,dcbvd,yosls,QB,406,333791,923424
787752130,15464875,wdmkq,xmoky,WR,381,899803,586651
296253243,218593117,jmbtl,mxfjh,RB,958,291302,910043
499155662,51596799,pedvz,vfmjm,QB,585,881625,196590
286466503,824723336,lgtew,zgrdp,WR,598,615473,756085
174963935,435643742,ebojt,oqpuk,QB,774,899808,731362
623814433,944726400,rckwv,ryqbh,QB,659,336226,10708
642628620,802757452,jkcoh,vlcvd,RB,63,832715,400829
852944933,350310895,hyspa,yeloc,WR,645,871433,561897
278404279,104769319,vtxxs,qldsh,WR,781,14000,926091
89175467,635786979,tcpop,bagdl,RB,696,657857,2336
127942351,690087407,ather,fxwlu,WR,801,863331,900208
553876470,475718239,uqaqw,mplrp,QB,655,130950,62937
910834098,854056667,kqion,lvwec,RB,889,405491,609766
159923164,383177741,kjtjw,znvrg,RB,56,705,424237
394462541,443243739,hwjul,numwj,QB,825,561710,505386
243325309,854961762,erwvd,dhtiq,RB,352,911618,501991
426501115,717248292,ufvyf,kofig,QB,523,427796,49775
280553298,988769424,yohfz,fcova,WR,842,482980,44442
16196251,313133925,qetgk,hcrjm,QB,343,656348,329594
567654360,742642465,kdpjd,asygx,QB,548,522823,602853
651150336,729104789,lvzvm,fyobd,RB,719,939992,677974
616829794,209253569,lgnhf,qvbad,QB,924,717416,292984
79206300,349997137,ulmkr,ttjzn,QB,161,971996,660620
69655472,114309600,uksiv,hwmky,QB,612,985521,841708
962685519,741569585,cigns,luqri,QB,368,513482,462794
602750495,979788500,wobuq,dmrdt,RB,714,633496,637398
334732243,542446794,nzsbm,zrjvx,WR,848,724094,454967
397993254,675692111,ptnvo,hcsbt,RB,274,348284,249622
360112604,722695198,bcrio,nrcrj,RB,952,363277,724344
711930426,60111470,bucij,cckgf,WR,324,249707,148264
341709474,857708572,lxsrh,puywx,QB,651,787020,267496
411220152,264715103,fjexd,vgucf,QB,316,54345,202552
217055502,258624039,pahtl,epagd,RB,464,974659,275223
641022288,486328257,xdobr,ebjvf,WR,881,872437,782007
881456968,720573212,ticdz,qczbk,RB,664,386408,835069
504494283,946128369,jiobv,wwdhz,RB,378,692360,537967
281460749,787872859,geybh,mkugg,RB,749,602052,917621
447222798,859040294,ptsyk,mlapu,WR,783,718486,52500
350639109,76317853,mqlaf,lnade,RB,248,17856,361120
16080085,580849354,igfbf,wyceq,WR,544,748804,69425
520483572,168570061,fksxw,uwyaq,QB,506,792099,906417
509319364,10189517,znmgm,kwphl,WR,658,256909,968250
558395275,944726400,rtbvk,crccp,WR,624,55370,774662
110912871,785390511,rhdzf,wrihi,RB,852,932868,130013
879355458,646250036,gueme,nwvxa,RB,256,995275,309613
123583167,582146026,eqmov,kpmlp,RB,905,570351,278275
488535093,972472576,lypxh,vnvjz,QB,641,679521,422825
250995713,580576835,gyguu,odafo,QB,793,741066,937622
717990064,800412599,kpkqg,kttta,RB,7,25491,794489
174328889,491118472,cvhul,rjesn,QB,853,388642,333813
258408714,181321303,dvhhe,eqmkp,QB,248,911371,338800
209901020,851999130,iybob,gdoic,RB,240,153091,123626
553757713,706269586,cqyxi,gptuo,QB,657,29599,656428
700875238,560613620,khdqg,pfdvr,RB,535,293283,716318
637782736,300898202,xwubs,ftztb,WR,398,757,858789
22027054,45145085,bjclr,fvyrs,RB,855,840513,806588
216139603,645895107,dmotr,eoldf,QB,441,675737,342286
936019629,709273035,rqvjd,budot,QB,710,62551,604496
163973480,38681914,pvggt,xlsod,RB,443,632560,541696
476781667,760884494,puenm,romqk,RB,854,751428,692828
267618576,47595268,iwxaj,vxiui,WR,256,168038,155404
335273544,808890361,snziz,dqplk,QB,288,477403,667340
262308638,703963990,jabmq,oilse,QB,570,243296,979209
603168863,38673722,wzfpi,hqvja,QB,455,418022,437069
816679267,313218911,sbgqo,ppyef,QB,31,38829,754742
659702360,819282687,xdkvx,nbpgg,WR,433,472110,297520
267058152,416740237,lquvu,sjcdb,RB,6,36576,207462
484345576,997588455,dbuqg,khlxj,WR,229,379639,867011
664282438,183167310,uzwgl,puwxp,WR,461,801188,471812
892240374,604418045,vtikn,kcidt,WR,303,128204,647704
940013486,265048533,gphni,qtckb,WR,251,507601,973287
581022885,100644334,fabem,bvouz,QB,929,137758,590918
824952868,20802137,twmqf,ptdto,QB,668,352710,849812
236561172,888006259,cwxso,gdpsk,QB,646,733022,807862
887268418,495943799,cpbrc,zczoj,RB,544,711382,733414
527493061,895146382,iilrj,lqwyy,WR,517,457692,226156
163014208,333032760,tnlnk,wjpzv,RB,80,567692,137707
836715201,934869580,rzpmw,xdtna,RB,244,144691,381151
558129451,530605853,qgcys,zmclx,RB,255,711709,564589
107320931,379693704,zbsqk,vxjgv,RB,852,942997,234721
551733235,386191765,mmpcb,xzrof,QB,35,467571,729918
422504542,745487206,jxjbi,zsyrz,WR,785,252006,792649
204169456,322242995,mzmwr,deona,QB,881,615651,413490
905825088,47595268,uuwjz,bfrqh,RB,929,932472,98209
33706661,241398458,yqagx,taxft,QB,612,564735,142428
267485401,834020999,ffkpe,unoke,WR,746,67388,844819
767126704,719209571,qvfsb,oofhw,WR,419,290348,190642
156268260,40442524,skqec,evjqw,WR,791,309126,393673
581831942,662992313,wawpx,uoscn,WR,283,933511,238172
281103148,521757878,dceej,dskqy,RB,993,276473,597305
1241877,16661954,mtulb,pifch,QB,680,629697,316795
645080312,851999130,kefpq,pjtdt,QB,475,161349,594080
66332154,494017409,vggxj,exjat,WR,919,373917,497127
755627674,55460775,oicnc,onequ,RB,981,97208,79408
121742798,415674741,gyjnl,pbstj,WR,564,932827,376585
111201217,834417222,jprkz,pzdds,QB,316,743051,562449
646848213,732793371,ekget,lmsek,WR,772,203791,652094
326586686,362926290,cjlcl,pkmih,RB,499,893619,874366
674354586,814541059,wmbjz,cruxw,QB,469,722087,395943
182780203,23351620,hfcdb,exyyp,WR,1000,855737,904610
260341380,525448737,gttpi,vbjfr,WR,738,280715,691347
712190034,413535004,nloxr,ikmti,WR,212,742317,174500
291164069,405591608,htvce,ijyeh,RB,188,475192,602636
626157225,939961089,bsids,uywjb,QB,83,51984,457791
205443768,784890155,slxhx,jnkco,QB,52,396924,634388
915645151,443187284,hbnzy,kpysw,RB,708,623437,293147
260061584,489670462,kalxl,fikfg,QB,394,163225,906818
966741373,185340939,ectpv,pmikn,WR,61,56218,771678
537588497,370400781,zdujo,myhkp,WR,636,324313,671341
414193647,464146580,pwxhn,veosp,RB,186,196769,252553
736420681,843157769,yetnl,vhzjh,RB,886,83728,333518
72505043,181596847,gfdxq,qneak,QB,491,807668,743094
372926057,368027701,acgqe,xjhdg,RB,331,530786,691169
909061342,435643742,ydlri,dxcgg,WR,905,888468,229322
58703195,909770069,pqvwt,gkskw,WR,533,534637,241814
856814215,119713130,lfmby,onrup,WR,231,747107,280502
309858044,194882433,ukphi,aohbw,WR,457,761589,3663
453861399,927843569,nqbxg,kfrin,QB,274,143128,596519
644371569,675045367,oednd,vvzou,QB,428,233787,504796
586441194,186353052,vuxht,cfwyn,WR,131,541783,396341
902197364,546325142,ttpun,emfav,RB,587,277000,34569
538322677,386066829,wxqwo,bkxfy,RB,635,54347,510816
790527717,164137933,fjxcn,qtber,RB,747,847627,114221
131583537,304617902,xexxz,bvnkm,RB,12,657937,201927
584156149,115491960,diddy,rlcmn,RB,375,405874,395678
77211036,613524344,mthtw,nvqna,QB,164,564225,966188
299180730,150187066,jsrqq,uabeg,WR,807,887496,259478
76899601,46126165,gdglf,mypds,RB,920,8374,493941
644042158,988030890,nopqv,echqy,QB,310,328964,526016
565813798,477885116,ktyml,iepsk,WR,801,713638,12611
4573702,116932478,dqpys,ylshv,QB,217,229999,942586
100464489,597625558,tahlt,ukjqy,QB,41,431413,16036
918000104,282218866,duanq,noamy,QB,278,295465,978402
477900075,765581031,eqivc,cfkyz,WR,5,367403,115965
188958424,202356603,mxkcz,felsl,QB,310,705333,557952
821630670,806661754,zujrt,vphts,RB,320,642848,832312
382647030,491118472,jrswj,awjez,RB,734,637395,564780
309556456,694305780,gpkia,pgrft,RB,763,77408,644945
475641112,741840416,ctiqr,wpiwl,QB,349,533775,96511
527735984,443243739,quklj,xjvip,QB,135,394208,46797
988910552,212000866,vhdmw,khsaf,RB,36,420233,617559
535059794,568292440,ugmgv,gffhk,WR,487,695866,624955
891926063,209688141,hfbwn,choja,WR,570,975679,794152
745657477,525169271,dneue,vqals,RB,473,397442,48117
418018520,911501254,ddqjf,dsulu,RB,33,428163,747728
670938002,354898393,ehnqy,poxla,WR,295,211806,696210
607932456,934540519,nagtz,rpbcj,QB,656,50842,830952
778684081,924351915,tfiiq,rficp,QB,556,172440,93123
739070973,935571022,twmry,gcgro,WR,609,639706,780010
371690260,75608230,hmrtt,cwhzz,WR,579,907369,814083
869768941,240768445,tvxmd,kjkhk,QB,37,868343,693893
545353660,802178324,lkmta,lsqhy,RB,895,838318,652979
200365842,843157769,srggf,qnkxu,WR,265,806941,632993
88339025,883397535,wfykd,obcnz,RB,844,346434,896775
613654122,690087407,rdzxn,eoftg,QB,645,261416,781308
190367515,137243957,uzlir,ihbvn,WR,921,807443,764520
537630544,947151035,wsxcm,aanpo,QB,717,938053,62069
417060641,939961089,qosaf,cynoe,WR,480,204203,495489
207178366,309800120,zsgfb,vnftm,QB,629,518164,543475
285507119,198393570,rkcmc,ylgax,WR,905,437813,561815
808925765,852147054,fklbu,kmzid,RB,332,851764,847547
239294959,168570061,bqtcj,gtyjj,QB,961,301207,100606
398273043,10494731,sbebo,psemt,QB,980,806434,541199
284631038,619576556,hrsmp,posgm,RB,750,125194,179566
908534964,28183383,qjqoc,rvjwa,QB,106,886153,708623
250118323,477885116,vouei,pnqdh,RB,922,311006,898184
669827256,177393177,cetgw,tigjf,WR,166,72890,235993
779384306,911501254,akwlb,dpeut,WR,64,498484,231998
363887812,265048533,yfjnc,zwqzf,RB,698,361110,487063
335390288,325956436,lypqq,wikne,QB,372,230500,518760
887640000,509391536,cbbwf,teilb,QB,986,446834,168985
581684941,985235547,eqpby,gtppi,RB,830,393254,49367
785138266,90589860,jttfh,tqpvu,RB,370,430174,994524
364489940,147026330,hamtm,jwvcl,QB,197,496133,85669
425462892,439448669,ssgjw,zmwgc,RB,482,967304,562556
748635119,799490013,zkdfw,odwji,WR,25,986705,905724
80566734,993576471,ptnjb,boemk,RB,117,731952,947858
696306138,854961762,qilck,yatur,QB,757,171595,215795
649576694,833261224,etoha,rjtbj,QB,709,374810,737490
385482792,223016251,dtuyw,peetn,QB,852,305700,18827
576976667,289880250,inwmc,guvgl,QB,96,286810,760290
277710777,673277322,kvslh,xjhcg,QB,613,601818,584271
779174088,95110756,fyuha,nvbtv,WR,71,658572,436346
777579511,115491960,srtcj,qpinj,QB,617,450015,448110
304393690,286013878,vmycq,ksnne,QB,441,541147,244916
314712566,433629188,zdpck,rrbrq,QB,966,715023,415120
452673933,558542615,wuako,xaqbg,WR,726,474306,231697
953805976,717248292,kmzxh,iqpgz,WR,134,906194,30836
355250551,23351620,fekod,asqvg,RB,682,447395,763358
82635267,78766855,kwtao,cboel,RB,998,843333,314980
822390573,673469547,msngh,haafg,RB,97,120338,82646
595878244,56793474,cbsny,filmd,WR,110,414198,311484
455982075,271533270,hxswq,wdjhc,QB,72,633907,770886
611143378,135097057,zafvu,cdmre,WR,630,603027,166883
897349540,928798325,ivwfj,fgupe,WR,326,732455,435294
358426487,588438752,ksowp,wpqzo,WR,648,972816,891693
397337268,988769424,vapfs,czirp,RB,175,608225,350001
317183967,595049034,wgwdr,gnsfz,WR,381,380873,900844
695039356,814541059,xqbjh,nadci,QB,654,677265,421650
435954136,367974498,zdame,vptfb,QB,313,869769,614889
710002700,630438848,lrtdf,xejql,RB,262,177768,434102
645208272,295312787,cesbs,lzkau,QB,574,412956,715214
304327031,182106707,vibqz,wmpqe,QB,597,703248,465382
802787213,983708421,ooqcm,yjphn,RB,37,268914,338635
995446175,737515047,misgh,mqemd,RB,990,651658,317917
917000425,888006259,lezzh,oeymu,WR,809,539292,280346
893038472,860089269,apfgv,xyfww,RB,609,569915,840934
147076315,707495187,uhfgv,fuuaf,QB,521,692106,828560
770360044,533824775,dibmz,blbbz,RB,984,809411,495745
143218386,227480529,wbmom,ytucr,QB,689,214303,345036
806658335,694111820,wvjkq,hwhcs,QB,836,345480,688856
198243503,279103488,cfjyq,rbpzx,RB,926,673858,234259
105385338,821674779,ciwjj,hapqd,QB,818,742486,161501
13191098,322242995,diidp,oggdo,QB,529,859965,155098
859355496,225239289,xzkcp,bxacw,QB,663,323642,889161
331411151,928560987,xappf,inqab,RB,982,442169,422967
290903841,969730335,pjgma,wovca,QB,894,988343,439117
437005802,756481832,eanhl,vgqte,RB,1000,270712,814826
462555489,435049895,iibox,cvoka,RB,758,925476,468256
252546942,61809901,hyukk,ngavk,RB,56,849887,566527
460016150,769447835,gnstf,ztxle,QB,489,208977,871884
586975114,198393570,lcdhx,rpluf,WR,18,138156,953444
174668516,290553965,bdnaa,qwpcp,WR,921,836213,599210
77842299,648925464,ymfyc,gwcwx,WR,370,507212,707837
60695043,883397535,bipvf,jbuys,RB,465,744839,58221
850218960,609233849,botmr,eebyf,WR,906,331518,510140
772891459,420788670,eqens,ncpgb,WR,966,370225,350734
636640949,283676081,vxtmy,tmros,RB,90,877797,486536
951785706,897480705,zlmpy,xvsrc,QB,566,899211,62031
663466323,425035922,unmoy,hqybz,RB,169,707244,88747
813845786,151883241,bcjkl,ojuhl,QB,615,507549,362123
337340236,993804283,upsst,vlsdt,WR,291,50637,207235
52414325,802244643,omczb,azilw,QB,800,119680,959522
212966953,314007,fxeno,tlnys,QB,346,757130,875921
281419185,580576835,mddfa,sgled,RB,986,690429,95734
198545516,171658255,rwgkk,vywmv,QB,101,33743,207445
180841534,136950584,uswmv,tcepf,QB,216,299812,398580
684539802,38681914,wgjye,bbgkj,RB,949,518427,783974
827967441,459863299,ypxtv,qbfzm,WR,776,973670,943313
311256207,820430606,fetrw,mowaz,WR,749,887239,878807
772289669,831299247,ludzt,gqdtl,QB,662,967441,817726
273526941,535858551,ckvpj,llrxi,RB,92,827081,384910
51897881,128658689,biavy,onmfc,RB,803,201471,560847
422644536,535127950,kauvw,arnzx,WR,514,660172,696675
707985283,798310586,pdvfy,wcadj,RB,390,472084,978155
303971092,673469547,olxcn,pvyvr,RB,257,250223,709145
125668070,988318164,baozj,nxbjj,WR,428,61574,491673
249575853,606241864,pdiff,tspzy,RB,23,709085,545890
912391463,424400565,ayzpk,lbskt,WR,856,539090,473839
698959584,417818359,nrkxr,rbvdx,WR,861,605764,252371
601046417,673469547,qucrz,ondpw,WR,168,410610,212069
238682105,854961762,lnhpd,pcbgc,QB,358,325935,357737
319184135,295312787,rmztq,hbfju,WR,404,675342,713582
946456386,370400781,mbuca,snyry,QB,671,344161,517523
327009546,525169271,eithy,vrvnn,RB,104,354193,754348
868031156,979788132,raosy,kycbf,RB,992,439735,830609
286907381,95110756,qksgs,rjpbx,QB,50,887776,937427
457322946,289880250,mipmn,wxmdq,WR,726,421231,920383
229583840,815698711,knqok,pqetc,QB,1000,737962,428318
518888986,420788670,dkjyz,osjdp,WR,872,653334,765104
694953747,533158599,zemzs,htclk,QB,560,333842,860574
424628885,329201098,chypd,jeccm,RB,560,311598,210395
325890333,975312500,gdlbm,yzuvf,QB,580,59797,549081
866417785,213617311,ubnjw,sfkom,WR,857,650586,854180
214221825,39449571,mumja,zshbz,WR,956,978913,118650
568574108,596723319,gzviz,uuukg,RB,909,926670,722972
630432639,203728648,phrxf,azajs,QB,298,780993,920618
461679201,557760362,vnbwn,prgrw,QB,84,279115,700561
843413615,420788670,iphyv,gxvac,QB,707,673931,661857
934729061,413427980,ewrlu,gcttw,RB,840,592039,835341
881178050,284525323,itqbk,inphi,QB,147,132373,368933
619918011,3876738,omsih,rcrjv,QB,276,48427,862171
513492379,126650772,kxzxo,kyeos,QB,858,475394,765320
852500523,63280341,asszh,vmipr,WR,904,440996,653601
991797127,949175182,olihl,spyhi,WR,708,575077,222232
17033082,993804283,jaynj,hexyg,WR,730,141218,549120
72633599,16790826,yxvno,krkjn,RB,79,711592,975341
222864803,33167583,inmiu,nemzw,QB,245,503678,923207
688717950,596723319,uomuh,ochyb,WR,265,307097,717989
186120704,572939200,pesnc,wtutz,QB,519,418505,316535
554172227,821508775,sukay,vuluh,RB,902,219550,348063
946016173,840913929,vylsg,tvmjp,RB,34,303589,154782
469699889,377245282,biecr,okcws,WR,454,19580,3118
120078830,234414200,ostnv,xulbu,RB,132,527490,495343
147320098,255843306,oobie,nxcrn,RB,801,476399,667084
493745442,220678843,wholz,mboxg,RB,253,6896,665538
970447943,283768819,slxjj,tywix,WR,339,473522,422848
42933009,230876746,nbrqd,yweku,RB,329,482624,428305
978458865,972279505,nwgnd,bpqwd,WR,117,375170,424600
363940035,28536655,bxzof,vxhxq,QB,105,839770,459255
611117101,108599047,qnyrq,bqtrq,RB,543,456154,984415
876209464,629884043,npxsr,infib,WR,28,673251,254236
318008297,350310895,tbrzw,qogaq,WR,276,171876,460684
703345302,356733742,sejob,tfrtj,QB,306,69961,517794
510991910,376830337,znouq,vwrwf,RB,537,379647,777172
879936359,500602051,sbukk,xpkui,QB,424,228456,850297
983459641,28183383,pnwsd,srbeh,RB,395,956720,935551
323390058,709105805,nziuo,hduww,QB,643,974,300289
131979180,41513818,thlsw,biaiw,RB,664,479284,991469
968036537,198357257,kdfnu,vsmam,WR,225,276513,472950
579051416,418760092,aagxo,xcqyg,RB,745,208612,225401
293026843,45145085,zquic,ahlvu,RB,711,653694,421522
965846864,193345501,quenn,jexov,QB,485,604737,327760
833658350,535127950,mzuju,twtzj,QB,1000,181884,297021
413472726,993804283,pxohb,atoev,RB,336,672092,988295
613706925,765303111,qjiku,qaurj,QB,777,707887,725900
854080548,871839291,phrqd,cxybg,QB,319,557723,934142
108398668,47595268,gxfoi,gsbcn,WR,698,668943,790033
3303267,742642465,psrum,udgco,RB,335,821834,417853
471992477,802178324,vmsbb,plpyd,RB,1,216133,690452
581798301,255843306,unbyj,xfmhg,WR,313,449281,970209
230793902,177393177,ifrju,iktvi,QB,191,820518,242918
734777862,635647224,ocsth,wcdqa,QB,249,764816,293209
463546667,928560987,foayn,cvxqe,WR,653,477406,558182
57723286,525169271,rourc,jhsfp,QB,915,35653,546925
756507866,893490375,gptly,xstvh,QB,846,987471,745634
84640048,296591853,gmvwr,zztmx,QB,272,835754,759538
92851527,92634756,klihj,ubbva,WR,600,886207,634502
894293332,489670462,loata,zetcm,QB,14,599336,380988
901316990,696792540,tvbsc,fwzkl,RB,555,163955,189848
552000811,893490375,dgqim,jyrck,RB,149,173650,971399
90058736,338635091,hqzvi,xordx,RB,196,218705,95797
718374411,742376790,vmgjl,aligg,RB,961,96938,711860
862162017,90829482,pxugm,ltwup,RB,183,430381,330645
994098952,328734338,flcei,cwqar,QB,986,623909,937853
193587937,443243739,txoos,hluug,RB,974,946192,32550
235458857,867488630,jbgbs,zasbu,QB,966,487529,602642
271638465,648011657,ythtr,qzvaz,QB,466,413044,942310
101936112,238281135,hpbet,bplsq,QB,614,754205,306238
338700373,899674245,lirba,kwcri,QB,294,687780,768276
297091032,955921438,xgbla,zgvei,RB,425,955147,970064
219720472,136236994,esjrx,ncpid,QB,401,842575,851354
384800173,814172094,idjcy,jdixb,RB,564,484704,746425
882032280,539124446,hbmrm,aelfx,RB,248,186216,671816
662527277,827792760,eamun,omkqk,WR,331,346819,156669
264715601,645838494,foqvx,sxivt,WR,312,476989,851131
814240524,61935452,vegrs,zywby,WR,398,632253,67097
440950572,417818359,hdgru,nupmf,WR,938,889447,68312
881894799,598201865,enkat,oigld,RB,786,617488,651342
676255040,286013878,pntby,mrdol,RB,497,842801,14453
690964250,173628801,ngwvu,qfpxz,WR,545,112954,970521
465004373,765303111,kivjg,ywibz,QB,520,692112,32473
351889130,629884043,vbskz,zxach,RB,584,887499,119393
915321259,102108942,rjoya,vfnig,QB,838,834426,598223
520243042,328734338,hfubs,wieri,RB,263,886880,457635
576713318,516223601,tgrjg,bjxuz,QB,980,623548,103466
62755343,323176525,uegcb,gcywx,WR,14,514039,955201
877937948,168347867,gtvyx,rfiky,WR,253,138409,800421
370157026,264715103,kpbfs,kfozx,WR,452,375284,851251
497632089,449738445,gpkby,xyvwq,RB,165,389449,323070
752441412,66858022,ipmgc,pxvck,QB,658,830160,835936
315993207,678086173,fqhko,zluiw,WR,498,374429,449463
177113948,446774719,wyrmv,criza,RB,268,282144,24514
867334008,630438848,nkgph,occxt,QB,198,244559,691983
929729673,410568487,dabum,zzkml,RB,116,676107,419255
331766809,435049895,cggtw,uanaq,WR,495,447534,613976
311683140,67355161,gcqhj,zlotb,RB,199,502488,605136
874584477,569384073,ifkdj,ckivf,RB,142,548420,23866
950192069,464056095,jskjl,lkdxy,QB,202,61653,705147
637547508,225239289,zyupa,dxsfm,QB,560,38795,976570
10852188,286873471,mrswd,oaudt,QB,715,381496,927469
787533627,942267759,eutfu,zfuzr,QB,695,330199,3925
152369639,259915083,epsfo,mlxor,RB,717,926054,386293
451313264,684769183,riaaa,ynyml,RB,67,24644,579536
822538820,28536655,wnrcg,nlrip,QB,588,697580,390099
387241661,30709739,jvams,szyhe,QB,848,825864,47655
702199660,116465053,lglmk,gxtsz,RB,505,161657,818938
522944898,28183383,klbzv,owbsh,QB,300,752748,919703
980082848,784890155,nhayn,ceaqa,WR,193,123516,535738
529644321,815698711,grmat,sneva,WR,347,949119,147987
545572800,784890155,atqet,xckyz,WR,328,725498,497004
160028461,507678203,duhuu,xdblp,WR,520,375581,45885
826807333,171658255,gnhta,rzanc,QB,634,59328,926799
458103895,576318330,depmc,gnszx,RB,270,646449,735536
85622000,107818441,ixrki,hmvmm,WR,60,915145,612329
231576601,252061765,vjrbg,xhvyr,QB,775,450736,362931
489301083,281460707,bqsvy,payma,RB,400,956045,871080
442810289,61935452,nkpcr,kqrei,WR,17,540869,15408
501991645,183167310,ahvms,lvzim,RB,271,143113,172538
738990072,99391803,ommig,berqm,QB,270,755052,627923
779255943,193345501,wqood,bnrwb,WR,431,582185,595072
197227554,10189517,wsify,agveg,WR,302,134670,875976
416201420,979836360,uxbwl,rfnvw,WR,989,805397,367037
843071825,257351504,zsrrq,waopk,WR,33,501406,860170
650126897,420788670,myvli,xzpzv,QB,496,392642,130075
243624365,798278408,lejkf,yvkdn,QB,977,867232,400917
472598342,290553965,fmrcy,sfpdz,WR,300,994257,250840
583979994,548108659,kxrtc,wsoft,QB,532,648405,753622
181703661,13044455,xbozd,aopcj,RB,728,497151,643014
3378681,104769319,vywcj,pbfez,WR,219,643003,304798
647206559,218132735,vpmrc,edryh,RB,160,195774,463459
445453147,23351620,lmtmh,kcfgd,RB,929,900173,211725
155992807,438823195,vvwqm,mdgyh,RB,759,27348,891710
501443154,534852004,helit,dqpbd,QB,594,695283,100574
294460402,296678047,kscpg,oonza,WR,577,698164,764355
277593114,774081334,ihwte,gulyf,QB,57,233450,137569
8558688,31220779,jecnl,ryrcg,RB,134,14006,779155
709839639,444934324,aclwf,hmxvn,WR,268,190671,344903
850158434,368629996,dzclb,rupru,RB,400,67030,769776
609478514,155477640,duydz,adbyy,WR,899,719982,239155
917965831,615264946,klpze,xkkxi,RB,969,605724,360277
167546355,809363004,vkkqk,fjszo,WR,885,439984,532930
852224535,66848634,txwkj,wrwes,WR,86,791288,579241
997206238,399885152,ekkry,ctylt,QB,269,944339,661389
851642035,162569376,fwhky,cagwz,RB,997,937221,734796
328798002,90589860,eezdf,lkoym,WR,127,164662,822930
567783548,62891776,fouwt,pivzr,RB,46,577962,40921
557566016,597625558,qvjth,blork,RB,537,237076,69102
359371452,40442524,wyrbr,emakr,WR,278,171001,339441
626412895,75608230,nymkg,hceaj,QB,708,623294,828889
608717491,709105805,moiup,zhrpi,QB,501,389198,696409
831835180,29266880,laioz,nmrlc,QB,674,165574,277704
628442178,39449571,cgpho,eayda,RB,829,455070,795146
625034794,760884494,iccvj,gjnlv,WR,552,132323,438264
36046130,905032300,kbawn,ulanq,WR,231,432795,969229
397508307,108599047,plpjn,noglb,WR,535,855817,970173
421006996,668108683,aciys,qjbqn,QB,704,837890,963868
941051800,795805079,ogxtu,ifzvo,WR,839,160155,199633
594820514,576318330,jgcao,vujex,RB,701,452973,404966
373599497,439448669,tsqdj,dowyn,WR,861,497454,330486
160860819,413430716,ksuua,mkjhg,WR,452,213502,663413
415631544,648925464,jelyj,ucjwz,QB,963,164480,460254
770705474,572939200,hhcws,jjlpo,QB,223,470662,254113
81605556,771904854,mchka,cwwny,WR,949,338556,950682
789809998,346502834,wykck,mdljx,QB,176,915862,866851
116284349,313429638,wprqs,ggmqy,WR,462,701569,799123
986879446,636870835,gqjwb,lxxvv,RB,958,580427,64883
593052673,678086173,wzlhl,tawqt,WR,465,755565,349389
180621384,255843306,htodr,iwkks,WR,532,369451,35464
56418047,983525316,jogrn,senvp,QB,298,966923,757046
315655720,993804283,paokd,mwexp,WR,954,480201,390423
806129464,203852446,hglhb,urvnk,RB,550,526376,672172
423675684,349035812,vuugp,aqqqb,RB,925,352542,362629
85720931,755256220,qsntf,xbzub,QB,38,336189,927103
343419244,935571022,ledmo,upjri,WR,675,391971,929893
802526973,947065980,lfmqr,corra,RB,333,490547,568650
83386297,299279479,rzbnb,myino,QB,588,812508,550547
341711878,457829662,jfjla,cjekw,QB,248,802249,842972
999003252,264715103,yclvm,kokoh,QB,539,515338,230725
180724789,154155569,vxknm,yfshn,WR,586,784890,234029
767633186,258624039,mbzds,buqed,WR,843,493215,338517
555195524,850954249,lyqdh,erakn,QB,359,750658,914984
151202973,771904854,xread,nesab,RB,8,306358,696828
539781614,533158599,gotjx,gcyuf,RB,192,145879,828273
510003613,516013300,pblso,vfapp,QB,177,925571,771924
808131207,593583339,iwwvb,acopb,RB,410,373965,548660
164843330,296678047,zcdtf,wasel,WR,35,382752,267666
754994257,92634756,zardh,ijecw,RB,337,186538,720670
782583118,238281135,msrxh,abain,WR,639,254877,422891
47366742,314007,bwizs,cewbu,RB,945,33515,110456
932209406,78766855,syqwm,htbjn,WR,112,739391,472986
840029186,549396962,yyrdk,txzjj,RB,403,218372,276898
467042926,920281681,wankh,andvy,QB,833,543914,54055
201617795,308586512,sbrpv,zpuit,WR,218,455678,602711
830255991,469968920,upkka,wotlu,QB,289,234093,837289
811868644,309215898,qefnt,suepn,QB,963,96187,653140
192938837,413535004,hkvgp,ftjdn,RB,56,622956,276884
718308464,367276610,ltpby,diaxq,WR,658,374046,743318
894509242,176755425,rmnng,plupy,QB,891,331742,894522
242009019,410568487,jzmwt,abftk,WR,573,844018,464868
759883982,802757452,fkzvr,oagag,RB,295,624695,573799
400668329,636870835,twuwr,clpxr,QB,375,969008,278689
877696528,55219515,ldusi,wchks,WR,854,272248,921885
29577121,2765652,rcegn,ddfce,WR,218,3197,60337
672755555,885427616,qjegi,kvsur,QB,677,984205,668574
365749443,115820043,ptsam,auaiv,RB,912,817072,541938
634164709,136950584,rgkbn,brqtp,QB,643,998413,333403
115000598,935571022,hkvft,iekef,WR,933,287276,54847
777975334,352261811,vpyym,ypkle,WR,174,146236,317066
939344923,522427411,zsczi,uxwfe,WR,476,189137,320125
746175565,806661754,cpqhz,ueadw,RB,755,477616,154749
613513684,362265248,evxhq,lpgxj,RB,598,487754,630432
275591963,121303499,mwncb,lpmin,WR,140,154238,119957
635533779,662992313,nstns,ljwjd,WR,162,527904,677863
825838807,372240888,glyae,vajwp,WR,980,232338,62638
592977411,480243191,nwnga,qkqfz,QB,924,572914,471744
696028754,889150053,yuifu,gtecb,WR,69,346900,28801
477351327,39449571,axebn,nmwwp,QB,429,993223,635851
154562615,595280224,vrrff,yknwk,QB,105,691927,678525
959008942,867488630,jiugu,odemg,WR,164,445665,27914
656032089,385088573,wktbz,offqr,QB,663,22427,857375
538688906,898115279,tcnby,hypfd,WR,826,492022,266511
119375498,498823191,ayhjm,mfrbp,WR,432,340188,591580
990321605,646250036,ziccc,ztswo,QB,601,798615,752158
609452270,400816911,amjgy,bvvqz,RB,898,21393,810140
804434087,296210938,wpxvm,wyqhs,RB,369,960293,759030
26746263,367276610,tfkmt,xeigj,WR,61,44485,454531
689042164,806616850,ceidy,johpx,WR,381,826342,119725
193473328,512657959,nbrxm,nsrpb,RB,843,467839,253137
207412862,867044899,ewzkk,vrwto,RB,75,822285,78088
671014024,492866680,dgtuy,ieebg,WR,982,500501,908592
788201984,794212790,mirca,uoypx,RB,192,948973,629102
821444944,615264946,hhgae,cmrya,RB,807,593172,890930
224096742,325343334,fclre,hrhsr,RB,183,764785,158610
532794809,558164704,vibqn,odmhf,RB,256,551379,639427
18571278,984503934,jvvud,xaykt,WR,739,7757,901291
412138893,278015597,iegqz,mhjyr,WR,813,742137,101670
413731003,16661954,erbsy,tsxzn,WR,144,188755,238105
506680695,75608230,ceabw,cnzlh,QB,209,177554,921472
776971134,836694939,iyvks,gjenq,QB,252,530218,44630
513615896,876588624,jpgcb,yrtwp,WR,117,745467,691366
222541476,952935824,jaxhf,tnhrn,RB,122,367358,676602
292940267,282218866,iohwk,fmwgt,RB,604,740103,924068
766463979,979836360,iqdle,nxqrd,QB,603,489933,109293
726016071,631930108,vbfcf,komub,RB,858,488659,557379
736514268,675045367,mvkok,xtewv,QB,31,417109,905125
372924894,939961089,qvqel,rwyzb,QB,83,800684,534969
460991824,402055322,jweeq,izqfj,RB,330,865226,892013
305532116,98897032,nyxxh,ocklr,QB,641,818814,447168
312433680,56793474,ticfk,wlyec,RB,229,352290,723268
347829996,118250885,lngva,otach,QB,294,623015,728328
836240183,182106707,xnovj,oonfw,WR,511,261768,830747
431454954,455751941,psdbj,whzii,WR,198,826320,749854
742888104,843087332,dfjjq,picfc,QB,421,975425,581570
413620411,21227706,oefvf,athcy,QB,84,366338,951125
882570229,290324793,kkmbm,yzaun,RB,258,922022,608987
341468747,920668353,wauuz,jfexa,RB,743,735067,844671
657303653,897480705,lnndi,mlwxo,WR,78,652559,435784
476166187,477293848,tanex,doezr,QB,846,475809,479541
617106481,313218911,vfgmb,fzczh,RB,124,716658,419251
807717324,55890907,jmsnv,wlonb,WR,351,883148,317192
75823893,832133007,gftea,xhcaz,WR,674,704611,88129
475973566,871839291,rlbgi,qbbzo,QB,349,476896,639443
35384150,487531976,nbgip,kqlag,QB,435,286095,496543
534150716,706933743,iglfa,ufiiv,WR,121,862924,275043
985759314,555784888,iokgz,ffypk,RB,575,273680,9044
678883282,368941687,vgwjv,eyyit,WR,585,171213,612078
790809930,847009527,kkvjz,ttgan,QB,150,383776,163272
209844347,392860641,lhmmz,siqpb,WR,659,588430,302293
595840765,772091080,rsvcv,tgqvj,RB,973,328121,123477
214798746,14173693,pzlnn,slvfd,RB,687,57201,289398
876178018,634208855,gacms,xbucn,RB,850,613098,784533
156597719,416740237,pcxux,puiqe,WR,401,171172,537166
726394830,160968202,okihx,okzmn,RB,295,325223,957639
679401790,567713415,owybq,kmetj,WR,330,358854,149175
202709169,757496867,wiagn,amrap,WR,129,467620,799112
97589769,525448737,oxdke,fmbgm,WR,45,590907,860002
41590404,422957714,uaxcs,dretd,QB,642,130676,124988
29721286,439448669,otnxu,vcmej,WR,786,883794,83766
404642461,13044455,pliku,urpsr,WR,171,423527,719643
408678749,545922697,qkfib,bqzpl,WR,229,98043,464017
720859786,324996210,cwgpj,pxdsj,QB,392,175334,712299
238988596,906343608,thkjr,rzgvz,WR,121,149919,389041
940130758,286873471,usnbg,jayeg,RB,418,967728,765768
612771892,909770069,yffvc,nuoqx,QB,993,861654,696148
5670215,98897032,ffvln,rnups,QB,703,334232,67069
432715620,150187066,kwpjc,bgtkg,QB,326,480232,315379
429089162,785390511,sijxx,mkxar,QB,680,345537,379544
304819334,745487206,sqgln,ywmwb,WR,503,70753,416916
933303757,10856139,itjmk,rqwkk,WR,231,907998,294964
356481671,853390728,rdwfq,yzskt,RB,62,617418,344186
401215033,988475587,ohiie,qgntg,WR,875,852190,140896
315227792,876588624,ayeln,rdnks,QB,747,575855,100704
523767035,443187284,xpyzu,eawkh,RB,422,655621,388293
509745647,690087407,prvqi,jzeia,RB,68,46745,617214
83359572,913706776,ulhdc,wioqz,WR,442,531730,586217
149076090,905032300,frgmz,fsrtf,RB,283,266434,657009
947288020,709273035,pbvuh,urnlq,WR,151,516303,804707
282006421,329201098,jhxej,calpx,QB,904,510179,172218
168727063,171305270,jcbnn,aiegk,WR,16,330317,773605
471813193,546325142,dgqtd,qfpfi,RB,819,734411,870703
242423957,261724803,rccvx,kvhcp,QB,935,13835,96966
177548239,921933555,bmlcw,appqt,RB,893,112585,862646
953532057,449738445,gsyfq,cfaiu,WR,501,666691,197385
12869374,182106707,wipwp,xnoki,QB,541,975944,884606
248027614,952935824,patjd,fjkku,QB,86,586202,722704
932859276,268791718,pelgs,aljam,RB,77,85496,774424
906740464,416740237,krvoz,gbxpj,WR,126,155712,537990
148612178,186353052,clyuy,cinmr,QB,258,882525,500374
121652665,272280006,jfmhf,oquhf,RB,802,302519,217843
477507136,684519745,zrcyl,modmu,RB,926,165578,194684
378974662,824723336,vwzja,morbk,WR,483,423048,210954
992682901,551301663,eutdz,mwapp,RB,65,558309,414517
275332407,701306962,gxjsm,oholz,RB,838,129655,471341
624994038,966052877,wuczj,lgfzl,RB,875,116883,79105
990225720,18170516,ladqc,tnhfl,QB,425,832231,215924
152732014,253666747,fmvhb,nltpb,QB,946,583116,213257
62507693,287211609,udjkv,kfyqt,QB,693,975031,252892
201752507,446774719,tezaq,cwqzq,QB,112,973045,421866
292518834,75608230,lbwxo,ygwhy,RB,460,865090,630649
723697629,228540657,bpaus,doqza,QB,967,180356,246727
843147097,895146382,reaex,iaovq,QB,423,491758,59501
766962835,21150920,dorpf,tagqy,WR,455,899290,944884
57701131,249489204,yzdok,tjesd,WR,272,17506,343041
832563405,706933743,vmquq,rzhea,QB,696,800384,454354
831716952,227480529,izkqo,ofbrx,QB,146,871908,527439
304418739,798310586,keabd,iuuhf,QB,537,305920,502467
860601336,449738445,byjeq,ngiou,RB,50,590375,280462
15776606,52951384,ivver,agmqz,RB,18,309118,770084
218431434,580849354,lrftw,pqdvn,RB,195,762300,720437
348834180,489670462,cbwmn,ezgcq,RB,762,408353,643734
161036449,102108942,zfndl,fscrl,QB,139,410857,224435
992624044,827075323,lfgeo,tzcft,RB,426,519065,410630
710325049,716486883,vqlte,jtzxk,WR,531,372215,862910
333637334,308586512,tawvo,uzbvf,RB,767,825898,343576
613256326,684519745,bsopp,xbkgf,QB,605,294015,679164
637333599,36995760,wkfaq,fkupy,QB,280,762327,822191
944978316,186353052,jtnsn,hecms,WR,680,910257,476355
48217792,189482365,wzlsd,fmftg,QB,821,145863,26427
818733217,786554589,scbmo,pwwka,RB,575,741161,280596
835025754,201873116,meyat,ecryw,RB,976,71817,978650
868658669,546325142,wvzwx,uzgnc,RB,976,661283,363763
67420640,854961762,hzmxg,kotqt,QB,926,499739,59576
699151517,61809901,szpmn,kslzo,RB,787,673291,991471
186627959,13659062,mfppu,aquzl,QB,461,337902,412352
394365917,99040709,gqtqo,ozafq,RB,134,804336,738045
538091934,503909222,sqlwp,dnbwb,WR,223,384622,611046
7688544,469968920,eooko,xlryc,WR,538,672694,420022
440222168,386066829,nxwfg,nqrgn,RB,804,204266,661284
103391681,413427980,ggqge,ylgch,RB,796,239261,444234
952206171,877152112,izmlg,redzj,RB,580,474018,418201
643967380,46126165,bembt,bhgmz,WR,411,868062,921825
776852977,368629996,qvqpt,raoru,RB,346,410390,341768
861354657,912992372,vmgfr,becrw,WR,885,662558,402175
132018667,193716960,gwojw,uncpl,RB,325,466950,867849
802270484,250795645,ubkim,whyhr,RB,942,637268,33529
165895368,506900043,gdtfg,qqtva,WR,507,56503,236848
141239857,988769424,hlmss,luyej,QB,557,795603,114458
406706209,434169904,qczoz,rjblj,QB,64,449747,785637
406849181,147026330,plpna,xpspa,QB,922,285976,481096
537547965,593583339,loiis,ovcxs,QB,531,692128,649595
968732592,568325742,jncsj,dmrfu,QB,26,240341,757531
751656566,790737589,cgqfv,idmus,QB,894,125422,480929
592339037,346502834,yoska,xxtjz,RB,938,65448,798353
870054657,322242995,eqedh,lypor,RB,689,657774,526915
31402424,938347625,ecorf,xlxit,RB,630,6058,938544
602475020,142224427,gcrlm,ucdcr,WR,44,908892,935112
701372330,333032760,nsrun,bdkhc,QB,767,784797,132207
76118326,601705603,uhaau,sltvr,RB,383,156154,195997
114874125,190637634,czbin,avwid,WR,683,381242,592675
63522403,3876738,rzjvc,ezfzm,RB,901,375866,551937
849102706,939774772,fxwfy,jyajh,QB,91,819990,329432
284446377,95110756,uyesj,cacjv,WR,955,413056,384630
805870432,678496737,jkens,ibkih,WR,737,193405,945162
90484792,62891776,lnmfv,gsypr,WR,945,149187,614660
448547602,732793371,xfvik,heygx,RB,740,315019,228776
261640861,790737589,nmsff,oytvw,WR,890,243884,680303
782065451,619563018,upwsp,nbqae,QB,739,366837,918230
126448682,239312863,gawck,suatz,RB,570,552666,491594
87382526,922322469,plgnm,techh,WR,354,959414,82095
693514919,595049034,gfngl,nawih,QB,465,678221,276464
